{
    "Class IoU": {
        "0": 0.7388321251867395,
        "1": 0.9017203403084286
    },
    "Frequency Weighted IoU": 0.8573658522298888,
    "Mean Accuracy": 0.8842428047877535,
    "Mean IoU": 0.8202762327475841,
    "Pixel Accuracy": 0.9231005859375
}